{"0.0": {"precision": 0.5296143250688705, "recall": 0.5997504289502418, "f1-score": 0.5625045717211615, "support": 6411}, "1.0": {"precision": 0.5368231046931408, "recall": 0.4654875567381437, "f1-score": 0.4986168161622936, "support": 6389}, "accuracy": 0.532734375, "macro avg": {"precision": 0.5332187148810057, "recall": 0.5326189928441927, "f1-score": 0.5305606939417276, "support": 12800}, "weighted avg": {"precision": 0.533212519836016, "recall": 0.532734375, "f1-score": 0.530615597481661, "support": 12800}}