{"0.0": {"precision": 0.5179577024152171, "recall": 0.6456091093433162, "f1-score": 0.5747812803777254, "support": 6411}, "1.0": {"precision": 0.5275525057184446, "recall": 0.3970887462826733, "f1-score": 0.4531166279692802, "support": 6389}, "accuracy": 0.5215625, "macro avg": {"precision": 0.5227551040668308, "recall": 0.5213489278129948, "f1-score": 0.5139489541735027, "support": 12800}, "weighted avg": {"precision": 0.5227468585327422, "recall": 0.5215625, "f1-score": 0.5140535097341663, "support": 12800}}