{"0.0": {"precision": 0.5365216255063374, "recall": 0.6404617064420527, "f1-score": 0.5839021615472129, "support": 6411}, "1.0": {"precision": 0.5521663104721197, "recall": 0.44482704648614807, "f1-score": 0.4927184466019417, "support": 6389}, "accuracy": 0.5428125, "macro avg": {"precision": 0.5443439679892286, "recall": 0.5426443764641004, "f1-score": 0.5383103040745773, "support": 12800}, "weighted avg": {"precision": 0.5443305233380861, "recall": 0.5428125, "f1-score": 0.5383886650796084, "support": 12800}}